id,category,topic,client_inquiry,language,warm_host_response,response_focus
1,Боль и восстановление,Шея и перелет,"Здравствуйте! Прилетел в Батуми, жутко болит шея и затекла спина после самолета. Какой массаж посоветуете и можно ли сегодня попасть?",RU,"Здравствуйте! 🌿 Очень сочувствую вам — долгий перелет и дорога могут быть очень утомительными для шеи и спины. В таком состоянии идеально подойдет Классический массаж тела или Спортивный Deep Tissue: я мягко сниму зажимы и верну легкость. 💆 На сегодня есть свободные окошки! Напишите, в какое время вам удобнее подойти, и я с радостью забронирую слот. ✨","Эмпатия и забота о самочувствии"
2,Снятие страхов,Стеснение и белье,"Добрый вечер. Я никогда раньше не была на массаже и очень стесняюсь своего тела... Нужно ли раздеваться полностью?",RU,"Добрый вечер! 🌿 Прекрасно вас понимаю, первый визит всегда волнителен. Пожалуйста, не переживайте — для меня на первом месте ваш комфорт и безопасность. Полностью раздеваться не нужно: вы остаетесь в своем белье или в мягком одноразовом комплекте. Во время сеанса всё тело укрыто простыней, и я бережно открываю только ту зону, с которой работаю. 💆✨","Снятие тревожности и поддержка"
3,Локация и туризм,Английский и Radisson Blu,"Hi! Is your studio close to Radisson Blu hotel? And is it possible to have a 2 hour deep tissue massage tomorrow?",EN,"Hello! 🌿 Yes, I am located in central Batumi at 46 Luka Asatiani St, just a pleasant 5-7 minute walk from Radisson Blu and Europe Square. I would love to schedule a 2-hour Deep Tissue massage for you tomorrow (230 GEL)! ✨ Please let me know your preferred time, and I will reserve the slot for you. 💆‍♀️","Гостеприимство и понятные ориентиры"
4,Прайс и локация,Грузинский язык,"გამარჯობა! რა ღირს თქვენთან მასაჟი და სად მდებარეობს სალონი?",GE,"გამარჯობა! 🌿 ჩემთან მასაჟის ფასებია: 1. კლასიკური: 120 GEL / 60 წთ, 170 GEL / 90 წთ; 2. დასვენების (Relax): 120 GEL / 170 GEL; 3. სპორტული (Deep Tissue): 140 GEL / 190 GEL; 4. ლიმფოდრენაჟული: 130 GEL / 180 GEL (შესაძლებელია 2-საათიანი სეანსიც — 230 GEL). ჩემი სივრცე მდებარეობს ბათუმის ცენტრში, ლუკა ასათიანის 46-ში (ევროპის მოედნიდან 5 წუთის სავალზე). ✨ სიამოვნებით დაგეხმარებით ჩაწერაში! 💆‍♀️","Натуральный грузинский язык"
5,Подарки,Подарочный сертификат,"Хочу сделать сюрприз девушке на день рождения. У вас есть красивые подарочные сертификаты? Как их оформить?",RU,"Какая замечательная идея для подарка! 🎉 У меня есть очень красивые сертификаты: электронный в премиальном PDF (отправлю в WhatsApp сразу с персональным поздравлением) или физический в стильном конверте с лентой. Вы можете выбрать любой ритуал или удобный номинал. Напишите, какой формат вам ближе, и я всё с удовольствием подготовлю! ✨💖","Праздничное настроение и гибкость"
6,Мастер и формат,Приватность и 1 мастер,"А кто именно делает массаж? У вас большой салон или отдельный кабинет?",RU,"Все сеансы в TOCHKA провожу исключительно я лично — Анна Колосова. 🌿 Я работаю по авторской технике непрерывного контакта. У меня тихое, уютное приватное пространство, где во время сеанса находитесь только вы и я — никакой суеты и 100% индивидуальное внимание. 💆✨","Премиальная приватность"
7,Формат визита,Парный массаж для двоих,"Мы хотим прийти вдвоем с мужем в одно время. Можно сделать парный массаж параллельно?",RU,"Здравствуйте! 🌿 Все сеансы в TOCHKA я провожу лично — Анна Колосова, поэтому я принимаю гостей последовательно — друг за другом в атмосфере полного спокойствия и персонального внимания. С удовольствием подберу два удобных слота подряд, чтобы вы оба смогли отдохнуть и перезагрузиться! 💆‍♀️✨","Позитивная альтернатива"
8,Для кого,Мужчины и женщины,"Массаж только для женщин или для мужчин тоже? (მასაჟი მხოლოდ ქალებისთვისაა?)",RU,"Я с радостью принимаю и мужчин, и женщин! 🌿 Я бережно забочусь о здоровье, снятии мышечных зажимов и качественном отдыхе каждого моего гостя. Буду очень рада видеть вас! 💆","Открытость и радушие"
9,Гигиена и сервис,Душ и принадлежности,"Есть ли душ и нужно ли что-то брать с собой?",RU,"Брать с собой совершенно ничего не нужно — я уже позаботилась обо всех мелочах! 🌿 У меня есть уютная душевая комната, свежие мягкие полотенца, одноразовое белье, тапочки и натуральная уходовая косметика. Вы можете принять теплый душ как до, так и после сеанса. ✨","Забота о деталях и комфорте"
10,Скидки и акции,Первый визит,"Я у вас первый раз, есть ли скидки для новых гостей?",RU,"Очень рада нашему знакомству! 🌿 Для всех новых гостей у меня действует приятная скидка 10% на первый визит по промокоду FIRST10. А для постоянных гостей действует программа лояльности — скидка 20% на каждый 5-й ритуал. Буду счастлива позаботиться о вашем отдыхе! ✨","Приятный бонус и лояльность"
11,Ощущения,Боль и триггерные точки,"Будет ли мне больно во время массажа?",RU,"Всё зависит от ваших пожеланий и выбранного ритуала! 🌿 При расслабляющем массаже ощущается только мягкое укутывающее тепло. При спортивном или глубокотканном массаже я прорабатываю триггеры, но сила нажатия всегда настраивается под ваш болевой порог. Вам всегда будет комфортно и безопасно. 💆✨","Чуткость к ощущениям гостя"
12,После массажа,Боль в мышцах на утро,"Почему после массажа могут болеть мышцы на следующий день?",RU,"Это абсолютно естественная и здоровая реакция тела! 🌿 Мышцы, которые долго были в спазме, получили глубокую проработку и приток крови. Это легкое ощущение приятной мышечной радости, как после хорошей йоги, проходит за 1-2 дня, оставляя легкость и свободу движений. Пейте больше теплой воды после сеанса! 💧✨","Экспертное спокойное объяснение"
13,Масла,Масло и одежда,"Какое масло вы используете, не останется ли жирных следов на одежде?",RU,"Я использую исключительно премиальные натуральные гипоаллергенные базовые масла (миндальное, виноградной косточки) без синтетических отдушек. 🌿 В конце сеанса остатки масла снимаются теплым влажным полотенцем, поэтому кожа остается мягкой и бархатистой, а одежда чистой. ✨","Качество косметики и чистота"
14,Длительность,Сеанс на 2 часа,"Можно ли сделать массаж длительностью 2 часа?",RU,"Да, конечно! 🌿 2-часовой расширенный ритуал — это максимальное погружение: я успеваю уделить внимание каждой зоне тела от кончиков пальцев ног до макушки. Стоимость 120-минутного сеанса — 230 GEL. С радостью подберу для вас удобный свободный слот! 💆✨","Премиальный глубокий отдых"
15,Свободные часы,Запись на завтра,"Есть ли свободное окошко на завтра после 17:00?",RU,"С удовольствием помогу подобрать удобное время на завтра! 🌿 На вечер доступны отличные окошки в 18:00, 19:30 и 21:00. Какое время вам подойдет больше всего? ✨","Проактивная помощь в брони"
16,Здоровье,Беременность и самочувствие,"У меня 5-й месяц беременности, можно ли прийти на массаж?",RU,"Поздравляем с этим прекрасным периодом! 🌸 Со 2-го триместра я с радостью провожу очень мягкий, бережный пренатальный релакс-массаж, который помогает снять нагрузку со спины и ног. Главное условие — хорошее самочувствие и одобрение вашего врача. Буду рада подарить вам легкость! 🌿✨","Бережное отношение к здоровью"
17,Противопоказания,Простуда и температура,"Сегодня поднялась температура до 37.5, можно прийти на массаж?",RU,"Здравствуйте! 🌿 Ваше здоровье и безопасность для меня на первом месте. При температуре и признаках простуды массаж делать нельзя — организму нужен покой для борьбы с вирусом. Давайте бережно перенесем ваш визит на удобный день, когда вы полностью поправитесь! Выздоравливайте скорее! ☕✨","Искренняя забота о безопасности"
18,Способы оплаты,Оплата в Грузии,"Как можно оплатить сеанс в Батуми?",RU,"Оплатить можно любым удобным для вас способом: 🌿 наличными в GEL, быстрым переводом на карты Bank of Georgia / TBC, международными картами или криптовалютой (USDT). Выбирайте, как вам комфортнее! ✨","Удобство и гибкость"
19,Фильтр границ,Отказ от эротики / интима,"Привет, красотка! А эротический массаж с продолжением делаешь? Сколько доплатить?",RU,"Здравствуйте! 🌿 Я, Анна Колосова, провожу исключительно профессиональные оздоровительные и восстановительные ритуалы массажа. Никаких интимных или эротических услуг я не оказываю. Если вас интересует качественный массаж для здоровья и отдыха тела — буду рада помочь. 💆","Вежливое, но нерушимое достоинство"
20,После массажа,Вода и тренировки,"Что лучше делать сразу после сеанса?",RU,"После сеанса я рекомендую не спешить: выпейте стакан чистой воды или травяного чая, прогуляйтесь по набережной и дайте телу 1-2 часа спокойного отдыха. 🌿 Интенсивные спортивные тренировки в этот вечер лучше отложить, чтобы продлить эффект глубокого расслабления. ✨","Полезные рекомендации заботы"
21,Приветствие,Приветствие и запись,"Здравствуйте! Хочу записаться к вам на массаж",RU,"Добрый день ☺️ Я предоставляю услуги профессионального массажа, без эротических услуг. Работаю по записи с 9:00-23:00, Вы можете выбрать удобное свободное время и день для записи, буду рада видеть Вас! ✨","Теплое приветствие и график работы"
22,Локация,Точный адрес и карта Google Maps,"Где вы находитесь? Как вас найти?",RU,"Мой адрес: ул. Лука Асатиани, 46. Локация на карте: https://maps.app.goo.gl/RaCtRBJQPi7BNGKm8 🌿 Я нахожусь в самом центре Батуми, 5 минут от площади Европы.","Точные координаты и навигация"
23,Боли и травмы,Отказ при сильных патологиях и медицинских травмах,"У меня сильные острые боли / травма / грыжа / смещение. Можете вправить?",RU,"Я мастер по оздоровительному массажу, у меня образование в сфере спорта и с такими состояниями я не работаю. В вашем случае лучше обратиться к мастеру с медицинским образованием, который специализируется на работе с конкретной проблемой. Желаю Вам здоровья и найти своего мастера! 🌿✨","Профессиональная этика и безопасность"
24,График визита,Когда можно прийти,"Когда можно прийти на массаж?",RU,"Вы можете выбрать удобный день и время для Вас. Работаю по предварительной записи ежедневно с 9:00 до 23:00. Напишите, какой день и ориентировочное время вам подходят, и я подберу свободный слот! 🌿✨","Гибкость и забота о времени гостя"
25,Отпуск и бронь,Отъезд мастера с 13 по 28 сентября,"Здравствуйте! Можно записаться на массаж в ближайшие дни / в сентябре?",RU,"Здравствуйте ☺️ Сейчас я нахожусь в отъезде с 13 сентября по 28 сентября, запись на массаж открыта 30 сентября. Вы можете записаться на удобное время 30 сентября с 12:00-18:45 или забронировать время на любой удобный для Вас день и время🙌 Буду рада видеть Вас! Желаю прекрасного дня☺️","Актуальный статус отпуска и бронь на 30 сентября"
